﻿<?xml version="1.0" encoding="utf-8"?>
<Queries xmlns="qv">
  <Query name="QQuantidadeCliente" id="2" textForNullValues="" xmlns="qv"><![CDATA[SELECT Count(iF1) AS F1 FROM (SELECT [ClienteId] AS iF1 FROM [TCliente] WHERE [EmpresaId] = &EmpresaId& ) AS A]]><ConnectionInfo xmlns="qv"><DataStore>Default</DataStore></ConnectionInfo><Fields xmlns="qv"><Field ispercentage="false" Aggregation="Count"><Name>Element1</Name><Caption>Quantity of Cliente Id</Caption><GXType>Integer</GXType><DataColumn><Caption>Quantity of Cliente Id</Caption><ColumnName>F1</ColumnName></DataColumn><Format Visible="Yes" Type="Datum" TargetValue="0" MaximumValue="0" ConditionalStyles="[]" Picture="ZZZZZZZZZZZZZZ9" Style="" /><Actions RaiseItemClick="true" /><Analytics ShowValuesAs="NoCalculation" /></Field></Fields><Parameters xmlns="qv"><Parameter><Name>EmpresaId</Name><Description /><Type>Integer</Type><IsCollection>false</IsCollection><Value>0</Value></Parameter></Parameters><TranslatableConstants xmlns="qv" /></Query>
  <Query name="QQtdRegistrosPorData" id="3" textForNullValues="" xmlns="qv"><![CDATA[SELECT F1, Count(iF2) AS F2 FROM (SELECT [DataRetirada] AS F1, [RegistroPedidoId] AS iF2 FROM [TRegistroPedido] WHERE [EmpresaId] = &EmpresaId& ) AS A GROUP BY F1 ORDER BY F1]]><ConnectionInfo xmlns="qv"><DataStore>Default</DataStore></ConnectionInfo><Fields xmlns="qv"><Field ispercentage="false"><Name>Element2</Name><Caption>Data Retirada</Caption><GXType>Date</GXType><Grouping><GroupByYear>false</GroupByYear><GroupBySemester>false</GroupBySemester><GroupByQuarter>false</GroupByQuarter><GroupByMonth>false</GroupByMonth><GroupByDayOfWeek>false</GroupByDayOfWeek><HideValue>false</HideValue></Grouping><DataColumn><Caption>Data Retirada</Caption><ColumnName>F1</ColumnName></DataColumn><Format Visible="Yes" Type="Axis" Axis="Rows" Subtotals="Yes" CanDragToPages="true" OrderType="None" ExpandCollapse="ExpandAllValues" FilterType="ShowAllValues" ValuesStyles="[]" Picture="99/99/9999" Style="" /><Actions RaiseItemClick="true" /></Field><Field ispercentage="false" Aggregation="Count"><Name>Element1</Name><Caption>Quantidade de Registros</Caption><GXType>Integer</GXType><DataColumn><Caption>Quantidade de Registros</Caption><ColumnName>F2</ColumnName></DataColumn><Format Visible="Yes" Type="Datum" TargetValue="0" MaximumValue="0" ConditionalStyles="[]" Picture="ZZZZZZZZZZZZZZ9" Style="" /><Actions RaiseItemClick="true" /><Analytics ShowValuesAs="NoCalculation" /></Field></Fields><Parameters xmlns="qv"><Parameter><Name>EmpresaId</Name><Description /><Type>Integer</Type><IsCollection>false</IsCollection><Value>0</Value></Parameter></Parameters><TranslatableConstants xmlns="qv" /></Query>
  <Query name="Dashboard1_Filter1" id="0" textForNullValues="" xmlns="qv"><![CDATA[SELECT DISTINCT [EmpresaId] AS F1, [EmpresaNome] AS F2 FROM [TEmpresa] ORDER BY [EmpresaNome]]]><ConnectionInfo xmlns="qv"><DataStore>Default</DataStore></ConnectionInfo><Fields xmlns="qv"><Field ispercentage="false"><Name /><Caption>Empresa Id</Caption><GXType>Integer</GXType><DataColumn><Caption>Empresa Id</Caption><ColumnName>F1</ColumnName></DataColumn><Format Visible="Yes" Type="Axis" Axis="Rows" Subtotals="Yes" CanDragToPages="true" OrderType="None" ExpandCollapse="ExpandAllValues" FilterType="ShowAllValues" ValuesStyles="[]" Picture="ZZZZZZZZZZZ9" Style="" /><Actions RaiseItemClick="true" /></Field><Field ispercentage="false"><Name /><Caption>Empresa Nome</Caption><GXType>Character</GXType><DataColumn><Caption>Empresa Nome</Caption><ColumnName>F2</ColumnName></DataColumn><Format Visible="Yes" Type="Axis" Axis="Rows" Subtotals="Yes" CanDragToPages="true" OrderType="None" ExpandCollapse="ExpandAllValues" FilterType="ShowAllValues" ValuesStyles="[]" Picture="" Style="" /><Actions RaiseItemClick="true" /></Field></Fields><Parameters xmlns="qv" /><TranslatableConstants xmlns="qv" /></Query>
</Queries>